category,n,acc@1,acc@5
nuts,107,64.48598130841121,95.32710280373831
spices,98,68.36734693877551,95.91836734693877
herbs,98,62.244897959183675,88.77551020408163
fruits,99,81.81818181818183,97.97979797979798
vegetables,100,59.0,95.0
