{
  "acc@1": {
    "max": 68.52589641434263,
    "mean": 68.19389110225764,
    "min": 67.52988047808765,
    "std": 0.46952641513050836
  },
  "acc@5": {
    "max": 94.42231075697211,
    "mean": 93.75830013280212,
    "min": 92.62948207171314,
    "std": 0.8023270898801212
  },
  "file_acc@1_locked": {
    "max": 88.0,
    "mean": 84.66666666666667,
    "min": 80.0,
    "std": 3.39934634239519
  },
  "file_acc@5_locked": {
    "max": 100.0,
    "mean": 97.33333333333333,
    "min": 94.0,
    "std": 2.494438257849294
  },
  "file_macro_f1_locked": {
    "max": 83.99999999999999,
    "mean": 80.99999999999999,
    "min": 75.66666666666666,
    "std": 3.781044339371901
  },
  "locked_primary_aggregators": [
    "majority_vote",
    "mean_logits",
    "mean_probabilities"
  ],
  "macro_f1": {
    "max": 67.11975104933651,
    "mean": 66.96863779120777,
    "min": 66.67516376133236,
    "std": 0.2075482372252305
  },
  "n_runs": 3,
  "run_ids": [
    "m01c_cnn_all12_diff_locked_seed42-20260402-013907-e83f43b0",
    "m01c_cnn_all12_diff_locked_seed7-20260402-014020-d8e02738",
    "m01c_cnn_all12_diff_locked_seed13-20260402-014020-e0a36a77"
  ]
}
