category,n,acc@1,acc@5
nuts,107,69.1588785046729,92.5233644859813
spices,98,48.97959183673469,90.81632653061224
herbs,98,56.12244897959183,84.6938775510204
fruits,99,72.72727272727273,93.93939393939394
vegetables,100,48.0,86.0
