{
  "file_level_metrics": {
    "majority_vote": {
      "acc@1": 82.0,
      "acc@5": 96.0,
      "f1_macro": 78.66666666666666,
      "precision_macro": 77.0,
      "recall_macro": 82.0
    },
    "mean_logits": {
      "acc@1": 88.0,
      "acc@5": 100.0,
      "f1_macro": 85.33333333333333,
      "precision_macro": 84.0,
      "recall_macro": 88.0
    },
    "mean_probabilities": {
      "acc@1": 86.0,
      "acc@5": 100.0,
      "f1_macro": 83.33333333333333,
      "precision_macro": 82.0,
      "recall_macro": 86.0
    }
  },
  "match": true,
  "window_metrics": {
    "acc@1": 68.52589641434263,
    "acc@5": 94.22310756972112,
    "f1_macro": 67.11975104933651,
    "precision_macro": 69.09276823019215,
    "recall_macro": 68.61111111111111
  }
}
