category,n,acc@1,acc@5
nuts,107,64.48598130841121,95.32710280373831
spices,98,71.42857142857143,95.91836734693877
herbs,98,63.26530612244898,87.75510204081633
fruits,99,84.84848484848484,98.98989898989899
vegetables,100,59.0,93.0
