category,n,acc@1,acc@5
nuts,107,54.20560747663551,88.78504672897196
spices,98,62.244897959183675,88.77551020408163
herbs,98,56.12244897959183,77.55102040816327
fruits,99,71.71717171717171,94.94949494949495
vegetables,100,34.0,85.0
