category,n,acc@1,acc@5
nuts,107,49.532710280373834,88.78504672897196
spices,98,50.0,91.83673469387756
herbs,98,54.08163265306123,79.59183673469387
fruits,99,59.59595959595959,91.91919191919192
vegetables,100,57.99999999999999,90.0
