category,n,acc@1,acc@5
nuts,107,57.009345794392516,94.39252336448598
spices,98,68.36734693877551,95.91836734693877
herbs,98,65.3061224489796,87.75510204081633
fruits,99,80.8080808080808,98.98989898989899
vegetables,100,67.0,95.0
