category,n,acc@1,acc@5
nuts,50,57.99999999999999,88.0
spices,50,56.00000000000001,82.0
herbs,50,64.0,92.0
fruits,50,74.0,98.0
vegetables,50,50.0,84.0
